city,date,humidity,precipitation,temperature,wind
Dixon,2019-03-07,16,1,80,7
Sonoma,2019-03-09,21,6,85,7
Mill Valley,2019-03-14,40,13,91,2
Palo Alto,2019-03-05,53,27,88,1
Mountain View,2019-03-01,28,9,91,3
Yountville,2019-03-09,13,11,91,8
Menlo Park,2019-03-08,22,9,83,8
Sebastopol,2019-03-07,30,20,83,1
Mill Valley,2019-03-07,36,27,91,9
Fairfax,2019-03-09,19,3,80,3
San Francisco,2019-03-04,19,16,71,8
Novato,2019-03-13,17,2,70,7
Discovery Bay,2019-03-01,28,9,77,3
Pinole,2019-03-13,29,18,84,9
Napa,2019-03-01,25,24,85,6
Lafayette,2019-03-04,29,15,91,5
Santa Rosa,2019-03-10,37,18,77,9
Menlo Park,2019-03-09,29,15,87,12
Antioch,2019-03-01,17,2,91,5
Campbell,2019-03-06,24,8,75,4
Walnut Creek,2019-03-07,31,19,72,12
Alameda,2019-03-01,25,8,73,11
Fairfield,2019-03-13,15,0,74,10
Larkspur,2019-03-11,34,26,89,7
Kenwood,2019-03-08,30,14,73,4
Redwood City,2019-03-01,41,20,87,8
San Ramon,2019-03-05,47,24,71,11
Muir Beach,2019-03-05,44,18,76,3
Walnut Creek,2019-03-13,32,14,82,12
Healdsburg,2019-03-07,22,9,73,10
St. Helena,2019-03-01,41,22,82,3
Concord,2019-03-01,29,16,71,6
Los Altos,2019-03-01,19,6,76,3
Clayton,2019-03-01,15,1,70,5
"Olema, California",2019-03-01,25,21,91,3
Daly City,2019-03-07,56,26,75,10
Pleasant Hill,2019-03-05,18,3,74,12
Burlingame,2019-03-11,34,12,91,1
Union City,2019-03-10,23,9,86,6
Saratoga,2019-03-11,42,24,89,7
Burlingame,2019-03-05,17,9,81,4
Danville,2019-03-01,35,24,83,7
Belmont,2019-03-11,7,21,71,8
Cloverdale,2019-03-11,16,1,76,11
El Sobrante,2019-03-13,19,15,82,8
Portola Valley,2019-03-02,35,13,86,7
San Lorenzo,2019-03-08,22,25,90,11
San Lorenzo,2019-03-07,12,24,86,5
Livermore,2019-03-12,43,29,83,7
Benicia,2019-03-10,18,10,79,1
Burlingame,2019-03-02,18,3,84,9
Montara,2019-03-07,15,1,88,2
Rutherford,2019-03-10,39,23,79,10
Sunnyvale,2019-03-07,35,25,94,3
Valley Ford,2019-03-01,17,6,72,10
Pinole,2019-03-11,30,17,89,10
Napa,2019-03-05,15,2,79,4
"Olema, California",2019-03-12,19,21,77,6
Windsor,2019-03-01,37,21,86,9
Inverness,2019-03-01,18,4,90,9
El Cerrito,2019-03-11,29,10,87,3
Fairfax,2019-03-12,41,23,94,7
Los Gatos,2019-03-13,37,28,91,1
Albany,2019-03-01,29,19,92,8
San Francisco,2019-03-02,30,15,72,8
Sunol,2019-03-01,28,12,92,6
Chicago,2019-03-01,29,29,73,15
Campbell,2019-03-01,18,4,91,9
San Jose,2019-03-07,48,29,80,6
Mexico City,2019-03-07,24,6,93,5
Paris,2019-03-01,32,26,77,7
Millbrae,2019-03-06,21,8,88,6
Berkeley,2019-03-01,29,17,91,5
Berkeley,2019-03-06,23,7,84,9
Long Beach,2019-03-13,15,9,72,6
Calistoga,2019-03-03,23,6,76,1
Pleasant Hill,2019-03-09,20,26,83,8
Hercules,2019-03-01,40,19,81,11
Hercules,2019-03-06,19,12,84,6
Seattle,2019-03-06,29,27,64,4
Nairobi,2019-03-01,15,0,105,7
Sunol,2019-03-11,15,2,76,11
Sydney,2019-03-08,21,7,99,11
Daly City,2019-03-12,24,8,83,12
Chicago,2019-03-10,54,35,65,8
Los Angeles,2019-03-04,18,16,81,6
Los Angeles,2019-03-03,15,0,89,8
"Olema, California",2019-03-03,26,23,87,7
Cloverdale,2019-03-07,30,22,88,3
Fairfield,2019-03-11,35,13,89,11
Inverness,2019-03-03,24,22,88,1
San Pablo,2019-03-01,16,2,73,6
Pinole,2019-03-03,44,24,89,3
Mill Valley,2019-03-04,18,7,90,5
Belmont,2019-03-06,28,24,91,4
Rutherford,2019-03-04,23,12,88,6
Santa Rosa,2019-03-01,21,6,83,8
Mill Valley,2019-03-01,29,24,79,7
East Palo Alto,2019-03-14,21,4,80,5
Occidental,2019-03-04,18,20,84,2
Calistoga,2019-03-13,15,2,81,9
South San Francisco,2019-03-13,31,12,91,10
Alamo,2019-03-09,20,10,93,8
Fairfield,2019-03-06,46,20,80,8
Sacramento,2019-03-12,30,14,92,10
Vallejo,2019-03-12,32,25,87,3
Castro Valley,2019-03-12,25,9,93,1
Los Angeles,2019-03-01,75,28,76,4
Point Reyes Station,2019-03-07,21,16,76,1
Graton,2019-03-13,21,8,86,9
San Mateo,2019-03-08,22,6,88,6
Foster City,2019-03-14,36,19,91,1
Pescadero,2019-03-07,19,4,86,6
Pescadero,2019-03-12,23,19,79,8
Oakley,2019-03-12,36,22,75,9
Geyserville,2019-03-03,22,13,73,7
Rutherford,2019-03-05,42,23,75,1
Suisun City,2019-03-04,18,3,75,11
Martinez,2019-03-04,21,7,87,3
Pinole,2019-03-04,47,24,77,1
Pinole,2019-03-08,16,1,91,2
Forestville,2019-03-12,36,14,75,10
Forestville,2019-03-01,33,20,70,1
Forestville,2019-03-14,20,10,80,6
Half Moon Bay,2019-03-11,20,6,88,10
Union City,2019-03-11,16,11,87,3
Mexico City,2019-03-01,15,0,102,12
Seattle,2019-03-01,25,32,74,15
London,2019-03-08,19,24,93,4
New York,2019-03-01,41,37,66,12
New York,2019-03-13,19,33,59,7
Paris,2019-03-04,39,24,87,9
Paris,2019-03-08,29,25,78,5
Sydney,2019-03-07,18,4,89,9
Philadelphia,2019-03-01,23,8,81,4
Paris,2019-03-11,22,24,93,6
San Francisco,2019-03-01,49,29,91,2
Seattle,2019-03-10,25,39,69,6
Philadelphia,2019-03-09,25,17,82,5
San Francisco,2019-03-08,36,13,70,10
Los Angeles,2019-03-08,34,21,81,6
London,2019-03-03,66,29,88,2
Sydney,2019-03-04,21,7,96,4
London,2019-03-01,35,23,81,10
London,2019-03-07,44,27,71,3
San Diego,2019-03-02,15,0,90,4
Chicago,2019-03-03,24,36,67,14
Seattle,2019-03-07,20,16,69,8
Paris,2019-03-14,30,14,76,8
Philadelphia,2019-03-07,20,11,91,7
London,2019-03-06,47,27,85,4
Los Angeles,2019-03-07,15,5,86,8
Los Angeles,2019-03-02,50,29,93,3
New York,2019-03-12,17,4,70,7
Delhi,2019-03-10,18,4,102,4
Vancouver,2019-03-10,26,25,68,6
New York,2019-03-09,47,38,70,7
Los Angeles,2019-03-09,20,13,94,9
Fresno,2019-03-01,18,2,72,10
Sydney,2019-03-06,22,9,89,8
Paris,2019-03-07,22,12,87,6
Kuala Lumpur,2019-03-03,17,8,93,9
Phoenix,2019-03-11,27,8,86,11
Chicago,2019-03-09,43,38,68,15
Chicago,2019-03-08,31,23,72,8
Seattle,2019-03-11,18,4,73,15
Vancouver,2019-03-08,8,24,64,9
Paris,2019-03-06,32,13,72,6
London,2019-03-09,11,5,90,5
London,2019-03-13,18,25,94,5
Paris,2019-03-03,18,6,93,4
Paris,2019-03-05,55,19,70,9
Toronto,2019-03-09,15,0,67,10
Phoenix,2019-03-10,35,19,80,5
London,2019-03-10,22,6,92,5
Delhi,2019-03-08,17,6,98,7
Toronto,2019-03-11,9,28,59,11
Toronto,2019-03-10,61,26,73,12
San Diego,2019-03-09,40,25,83,7
Washington D.C.,2019-03-03,18,8,76,4
London,2019-03-12,32,21,87,2
London,2019-03-11,41,15,71,11
Bodega Bay,2019-03-06,45,19,82,5
Long Beach,2019-03-06,27,20,85,4
Long Beach,2019-03-01,40,17,80,2
Long Beach,2019-03-03,35,23,89,9
Oakland,2019-03-06,43,28,90,6
Rio Vista,2019-03-06,44,21,79,11
New York,2019-03-07,18,15,65,7
London,2019-03-04,16,4,87,1
Atlanta,2019-03-11,15,0,87,4
Anaheim,2019-03-01,45,29,78,9
Nairobi,2019-03-04,15,1,88,1
Philadelphia,2019-03-10,17,4,91,3
Toronto,2019-03-01,25,13,58,9
Delhi,2019-03-11,19,7,103,10
Sydney,2019-03-01,15,4,94,2
Washington D.C.,2019-03-01,36,13,75,6
El Cerrito,2019-03-08,18,5,90,5
Sacramento,2019-03-05,17,2,93,12
Nairobi,2019-03-09,15,0,103,7
Philadelphia,2019-03-11,33,10,72,11
Philadelphia,2019-03-08,15,5,78,3
Castro Valley,2019-03-01,16,18,91,9
Portland,2019-03-01,16,9,75,13
Stinson Beach,2019-03-11,29,15,78,10
Seattle,2019-03-13,17,12,63,11
Sydney,2019-03-13,20,5,101,7
San Diego,2019-03-06,23,6,80,1
Sacramento,2019-03-04,49,27,94,11
Las Vegas,2019-03-01,26,18,84,7
Delhi,2019-03-01,21,4,99,8
Delhi,2019-03-06,15,0,93,7
Atlanta,2019-03-13,17,2,80,3
Nairobi,2019-03-07,23,8,86,7
Kuala Lumpur,2019-03-05,18,5,100,6
El Cerrito,2019-03-12,25,18,88,1
Sacramento,2019-03-07,34,22,80,4
Washington D.C.,2019-03-02,16,1,82,6
Sacramento,2019-03-10,17,6,90,12
Fairfield,2019-03-08,56,28,92,3
Fairfield,2019-03-12,23,7,82,9
Fresno,2019-03-12,25,13,73,6
London,2019-03-14,36,14,81,10
Las Vegas,2019-03-08,36,17,76,7
Chicago,2019-03-13,47,37,65,5
New York,2019-03-06,26,26,64,10
Paris,2019-03-13,23,23,88,9
San Francisco,2019-03-14,33,12,93,3
Moraga,2019-03-05,24,6,77,1
Atlanta,2019-03-06,49,25,87,2
Las Vegas,2019-03-12,22,7,84,1
Fresno,2019-03-06,16,1,71,3
Bay Point,2019-03-03,41,20,72,11
Long Beach,2019-03-12,4,26,90,7
Sydney,2019-03-12,15,2,101,5
Nairobi,2019-03-12,28,9,103,12
Kuala Lumpur,2019-03-14,21,5,100,9
Philadelphia,2019-03-03,41,21,85,6
Los Angeles,2019-03-05,31,12,87,1
San Diego,2019-03-12,27,10,90,5
Portland,2019-03-07,19,32,72,12
Inverness,2019-03-05,24,7,77,7
New York,2019-03-10,15,0,59,5
Tiburon,2019-03-10,20,15,85,6
San Francisco,2019-03-10,26,12,93,6
Atlanta,2019-03-07,45,26,83,9
San Diego,2019-03-11,18,5,88,8
San Diego,2019-03-04,18,7,75,9
Portland,2019-03-11,38,42,63,7
New York,2019-03-11,36,34,65,10
San Carlos,2019-03-01,26,8,90,3
San Diego,2019-03-13,38,19,75,8
Newark,2019-03-03,31,12,87,2
Anaheim,2019-03-14,44,20,88,6
San Diego,2019-03-03,28,7,82,11
Portland,2019-03-04,32,18,68,12
Atlanta,2019-03-09,16,18,93,12
Bodega Bay,2019-03-09,16,14,74,1
Atlanta,2019-03-01,45,28,86,11
Pinole,2019-03-02,33,14,74,3
Kuala Lumpur,2019-03-12,15,4,98,5
Vancouver,2019-03-04,54,49,58,8
Delhi,2019-03-12,15,2,96,1
Sydney,2019-03-05,21,5,96,11
Seattle,2019-03-05,23,18,61,15
Vancouver,2019-03-05,43,56,62,12
Portland,2019-03-03,10,22,70,5
Long Beach,2019-03-02,35,15,77,8
Gilroy,2019-03-10,28,18,72,1
London,2019-03-02,28,18,80,6
Phoenix,2019-03-01,23,15,89,11
San Rafael,2019-03-01,17,2,80,1
Nairobi,2019-03-02,20,6,86,2
Fresno,2019-03-02,25,13,85,11
Portland,2019-03-12,30,16,72,11
Nairobi,2019-03-08,17,2,100,7
San Diego,2019-03-07,36,17,90,8
Santa Clara,2019-03-13,17,3,78,6
Delhi,2019-03-05,21,7,90,4
Atlanta,2019-03-10,27,19,88,9
Novato,2019-03-05,17,11,79,5
Delhi,2019-03-03,16,2,92,7
Atlanta,2019-03-03,27,9,76,9
Toronto,2019-03-02,28,20,60,5
Vancouver,2019-03-01,19,15,75,8
London,2019-03-05,23,28,94,12
Nairobi,2019-03-11,17,3,89,3
Washington D.C.,2019-03-08,18,4,84,8
Kuala Lumpur,2019-03-13,15,1,97,6
Los Angeles,2019-03-14,29,17,86,4
Sydney,2019-03-10,20,5,92,1
Phoenix,2019-03-05,31,12,73,5
Phoenix,2019-03-06,43,29,88,3
Sausalito,2019-03-03,24,18,90,1
Philadelphia,2019-03-05,35,29,76,10
Sausalito,2019-03-09,17,11,75,3
Sydney,2019-03-02,18,2,101,11
New York,2019-03-05,66,51,73,12
Vancouver,2019-03-06,25,27,70,13
Geyserville,2019-03-14,27,23,77,1
Geyserville,2019-03-05,16,1,76,6
Atlanta,2019-03-05,29,18,82,5
Sacramento,2019-03-08,40,21,85,2
Sacramento,2019-03-01,27,26,82,7
Anaheim,2019-03-05,19,4,75,10
Toronto,2019-03-12,15,1,64,12
Washington D.C.,2019-03-06,34,29,80,4
Washington D.C.,2019-03-13,52,28,79,12
Las Vegas,2019-03-13,33,14,73,12
Las Vegas,2019-03-04,38,15,77,12
Las Vegas,2019-03-09,20,4,86,6
Kuala Lumpur,2019-03-11,16,2,99,4
San Diego,2019-03-05,21,8,84,4
Atlanta,2019-03-08,21,12,79,8
Portland,2019-03-06,23,7,73,4
San Francisco,2019-03-07,17,9,74,7
Atherton,2019-03-03,24,12,90,12
Delhi,2019-03-04,18,8,97,3
Delhi,2019-03-02,15,0,95,5
Kuala Lumpur,2019-03-01,23,8,102,12
Toronto,2019-03-03,61,58,65,11
Chicago,2019-03-05,40,28,71,5
Mexico City,2019-03-10,16,3,96,10
Delhi,2019-03-13,15,0,100,11
New York,2019-03-02,26,29,57,6
Kuala Lumpur,2019-03-02,17,3,101,3
Phoenix,2019-03-03,27,10,94,4
San Diego,2019-03-01,16,1,90,1
Redwood City,2019-03-07,15,1,73,7
Atlanta,2019-03-12,18,19,78,9
Portland,2019-03-14,20,13,57,6
San Francisco,2019-03-09,16,2,70,9
Phoenix,2019-03-02,31,11,72,9
San Francisco,2019-03-05,31,23,87,1
Kuala Lumpur,2019-03-10,22,5,90,11
Dublin,2019-03-06,20,7,92,6
Philadelphia,2019-03-14,26,8,84,10
Phoenix,2019-03-09,31,21,76,6
Seattle,2019-03-04,69,43,69,13
Sydney,2019-03-09,16,6,93,12
Albany,2019-03-02,23,14,84,5
Philadelphia,2019-03-02,16,3,71,8
Philadelphia,2019-03-12,27,25,83,4
Portland,2019-03-02,33,15,65,7
Chicago,2019-03-12,4,26,61,12
Nairobi,2019-03-03,16,2,103,1
Cupertino,2019-03-01,22,13,92,2
Kuala Lumpur,2019-03-09,15,0,92,8
Vancouver,2019-03-12,15,10,59,11
Los Angeles,2019-03-10,19,10,91,8
Stanford,2019-03-14,19,5,82,5
Las Vegas,2019-03-11,19,3,81,10
Sydney,2019-03-14,16,2,100,8
Portland,2019-03-05,24,12,56,9
Los Altos,2019-03-13,17,3,94,7
Phoenix,2019-03-04,37,29,90,3
Las Vegas,2019-03-07,44,22,86,9
New York,2019-03-03,26,23,74,13
Rohnert Park,2019-03-01,35,23,84,7
Phoenix,2019-03-08,21,15,77,11
Kuala Lumpur,2019-03-04,29,8,87,8
Toronto,2019-03-04,33,38,70,13
Portland,2019-03-08,26,50,70,7
Delhi,2019-03-09,18,3,91,2
Sunol,2019-03-04,17,14,93,12
Sunol,2019-03-07,23,14,72,11
Chicago,2019-03-07,30,23,74,14
Chicago,2019-03-06,19,5,69,8
Los Angeles,2019-03-13,22,19,94,5
Atherton,2019-03-02,35,17,93,7
San Diego,2019-03-14,17,2,76,6
Chicago,2019-03-02,40,33,61,6
Toronto,2019-03-06,36,45,62,9
Paris,2019-03-12,34,16,72,12
New York,2019-03-04,29,22,59,8
Mexico City,2019-03-09,18,4,87,1
Mexico City,2019-03-12,24,6,89,11
Paris,2019-03-09,13,14,83,5
Sydney,2019-03-03,17,4,101,2
Mexico City,2019-03-11,17,4,88,1
Mexico City,2019-03-04,21,4,95,11
Kuala Lumpur,2019-03-06,20,9,98,11
Anaheim,2019-03-06,19,18,82,7
San Diego,2019-03-08,18,6,93,5
Washington D.C.,2019-03-11,58,25,86,8
New York,2019-03-14,19,6,60,9
San Francisco,2019-03-06,16,3,72,12
Atlanta,2019-03-02,32,20,82,6
San Pablo,2019-03-06,37,21,73,9
Seattle,2019-03-12,6,34,66,7
San Francisco,2019-03-13,22,9,94,6
Las Vegas,2019-03-14,39,15,71,6
Lagunitas,2019-03-01,38,18,92,2
Lagunitas,2019-03-03,21,12,87,1
Anaheim,2019-03-12,21,16,71,2
Saratoga,2019-03-01,15,1,78,3
San Rafael,2019-03-06,35,14,76,10
Nairobi,2019-03-13,15,1,89,4
Seattle,2019-03-08,16,21,65,7
Chicago,2019-03-14,26,24,68,12
Point Reyes Station,2019-03-09,38,13,90,12
Portland,2019-03-09,12,44,67,4
Muir Beach,2019-03-01,28,13,81,6
Nairobi,2019-03-14,15,0,93,9
Vacaville,2019-03-10,36,26,89,5
Nairobi,2019-03-10,15,1,95,9
Eldridge,2019-03-12,17,14,74,3
Vancouver,2019-03-02,45,49,67,15
Santa Clara,2019-03-05,44,25,88,5
Paris,2019-03-10,15,2,80,7
Fresno,2019-03-04,19,18,92,1
Anaheim,2019-03-11,35,11,70,10
Montara,2019-03-11,26,17,86,9
Philadelphia,2019-03-04,30,8,78,1
Washington D.C.,2019-03-12,22,9,80,8
Toronto,2019-03-08,17,6,67,14
Antioch,2019-03-06,23,7,72,9
Seattle,2019-03-03,15,49,73,7
Ross,2019-03-01,19,14,79,12
Nairobi,2019-03-06,15,1,89,8
New York,2019-03-08,26,35,69,10
Los Angeles,2019-03-12,38,27,77,9
Oakland,2019-03-07,28,19,80,4
Anaheim,2019-03-04,29,20,89,2
Anaheim,2019-03-02,19,5,87,8
Phoenix,2019-03-14,46,29,86,5
Vancouver,2019-03-03,16,54,57,10
Phoenix,2019-03-13,18,11,80,5
Oakland,2019-03-01,19,16,72,5
Sacramento,2019-03-13,18,12,93,8
Atlanta,2019-03-14,16,1,86,6
San Lorenzo,2019-03-06,17,25,77,6
San Francisco,2019-03-11,21,7,72,12
Rohnert Park,2019-03-03,36,23,75,3
Napa,2019-03-02,45,29,72,5
Vancouver,2019-03-07,11,23,63,13
San Francisco,2019-03-03,47,27,83,11
Sacramento,2019-03-02,24,27,93,4
Yountville,2019-03-01,15,7,75,5
Sonoma,2019-03-12,20,15,86,4
Brisbane,2019-03-08,15,0,83,4
Marshall,2019-03-02,25,14,84,6
Marshall,2019-03-14,28,15,78,12
Vancouver,2019-03-14,27,30,64,5
San Jose,2019-03-06,27,7,87,2
Livermore,2019-03-11,25,13,80,6
Stanford,2019-03-13,15,4,73,7
Orinda,2019-03-13,25,15,78,2
Las Vegas,2019-03-03,44,22,91,6
Yountville,2019-03-13,24,13,93,2
Anaheim,2019-03-03,35,22,87,2
Long Beach,2019-03-07,39,26,94,2
Brisbane,2019-03-02,13,9,75,2
Mountain View,2019-03-10,35,15,86,5
San Jose,2019-03-02,33,16,76,1
Sunnyvale,2019-03-10,22,6,74,3
San Jose,2019-03-01,24,19,78,3
Union City,2019-03-12,37,21,92,10
Hercules,2019-03-09,51,28,77,2
Vacaville,2019-03-11,15,1,88,2
Fairfield,2019-03-04,43,22,85,6
Menlo Park,2019-03-12,21,11,80,10
Gilroy,2019-03-13,38,28,78,6
Half Moon Bay,2019-03-14,31,24,82,10
San Ramon,2019-03-01,45,24,87,9
San Jose,2019-03-09,37,22,94,4
Gilroy,2019-03-01,35,29,91,1
Sunnyvale,2019-03-08,23,24,80,1
San Carlos,2019-03-05,21,8,87,3
Fremont,2019-03-02,20,27,73,1
Concord,2019-03-07,33,10,90,9
Morgan Hill,2019-03-01,40,23,74,11
Sebastopol,2019-03-08,25,8,90,11
Alameda,2019-03-04,19,6,74,1
Milpitas,2019-03-07,34,27,75,8
Fremont,2019-03-01,15,0,84,1
San Jose,2019-03-14,29,19,74,6
San Carlos,2019-03-14,31,15,72,12
Santa Rosa,2019-03-05,41,20,80,6
San Ramon,2019-03-10,17,22,91,6
Danville,2019-03-13,28,21,89,2
Menlo Park,2019-03-05,28,21,86,10
Vallejo,2019-03-10,27,10,76,11
Palo Alto,2019-03-06,20,18,91,12
Alameda,2019-03-10,16,3,86,7
Berkeley,2019-03-12,34,16,90,11
Oakland,2019-03-11,43,24,76,11
Lafayette,2019-03-14,20,12,92,7
Burlingame,2019-03-10,46,26,81,10
Sunnyvale,2019-03-01,32,19,90,10
Cupertino,2019-03-07,33,21,91,1
Foster City,2019-03-09,22,6,76,5
Vallejo,2019-03-01,25,10,83,5
Vallejo,2019-03-02,46,26,76,10
Newark,2019-03-11,15,6,89,5
Oakland,2019-03-04,32,11,87,12
Livermore,2019-03-14,24,15,92,11
Pleasant Hill,2019-03-13,19,15,75,11
Redwood City,2019-03-05,35,15,86,1
Berkeley,2019-03-10,24,25,76,11
Windsor,2019-03-14,37,16,89,5
Walnut Creek,2019-03-08,27,28,84,4
Santa Clara,2019-03-11,13,8,77,10
Castro Valley,2019-03-04,29,20,73,6
San Leandro,2019-03-07,24,9,94,3
Fremont,2019-03-06,16,1,78,8
Mountain View,2019-03-03,57,26,83,8
Santa Rosa,2019-03-07,15,12,76,10
Santa Clara,2019-03-04,15,0,82,9
Albany,2019-03-09,20,5,71,3
Sunnyvale,2019-03-05,21,6,92,4
San Mateo,2019-03-11,33,15,91,5
San Jose,2019-03-10,29,18,74,7
Lafayette,2019-03-10,41,14,75,10
Petaluma,2019-03-12,23,19,78,12
Palo Alto,2019-03-11,15,7,90,9
San Francisco,2019-03-12,35,23,76,6
San Jose,2019-03-11,15,0,79,12
Walnut Creek,2019-03-06,32,17,85,4
San Leandro,2019-03-11,43,27,89,8
Santa Clara,2019-03-08,65,24,93,4
Morgan Hill,2019-03-08,37,24,82,3
Pleasanton,2019-03-14,17,2,76,12
San Mateo,2019-03-01,18,13,80,11
Los Gatos,2019-03-07,32,15,86,1
San Jose,2019-03-04,40,19,75,7
Oakland,2019-03-12,34,19,78,10
Daly City,2019-03-06,15,0,76,10
Cupertino,2019-03-02,30,28,73,7
San Carlos,2019-03-13,27,22,73,9
Lafayette,2019-03-01,51,29,87,11
San Jose,2019-03-13,29,18,85,11
Santa Rosa,2019-03-14,24,11,76,8
Napa,2019-03-12,46,25,84,8
Walnut Creek,2019-03-11,24,12,90,11
Concord,2019-03-09,21,12,93,5
Martinez,2019-03-01,32,24,80,1
Berkeley,2019-03-03,22,25,82,1
Walnut Creek,2019-03-09,36,17,94,1
Palo Alto,2019-03-02,19,9,83,12
Stinson Beach,2019-03-01,31,16,80,9
Palo Alto,2019-03-01,19,4,79,4
Walnut Creek,2019-03-01,22,13,72,1
Woodside,2019-03-10,46,24,86,1
Bodega Bay,2019-03-03,18,8,77,6
Berkeley,2019-03-02,41,26,83,6
Danville,2019-03-07,25,15,73,7
Calistoga,2019-03-10,28,13,84,10
Millbrae,2019-03-11,36,25,91,2
Orinda,2019-03-01,16,3,81,9
Discovery Bay,2019-03-07,56,28,85,9
Moraga,2019-03-02,23,4,76,2
San Pablo,2019-03-12,15,28,81,2
Millbrae,2019-03-08,15,0,92,11
San Anselmo,2019-03-06,23,15,91,2
Marshall,2019-03-05,33,25,76,9
San Leandro,2019-03-05,36,18,91,5
Duncans Mills,2019-03-06,19,12,70,2
Daly City,2019-03-01,21,6,77,6
St. Helena,2019-03-02,16,1,76,4
San Anselmo,2019-03-01,23,28,89,3
San Anselmo,2019-03-10,62,28,87,9
Pacifica,2019-03-11,21,16,82,9
Martinez,2019-03-12,37,27,85,7
Santa Clara,2019-03-03,38,24,84,4
Santa Clara,2019-03-12,26,21,85,4
Rutherford,2019-03-01,41,28,86,10
Alamo,2019-03-06,20,7,75,2
Mountain View,2019-03-09,36,27,77,11
Foster City,2019-03-01,38,22,80,8
Sausalito,2019-03-06,22,15,89,1
Oakley,2019-03-10,27,20,83,6
Brentwood,2019-03-10,29,21,71,3
Phoenix,2019-03-07,36,19,86,11
Newark,2019-03-13,25,9,82,2
Foster City,2019-03-13,35,23,94,1
Campbell,2019-03-04,44,29,72,5
Yountville,2019-03-03,31,16,75,7
Montara,2019-03-10,22,20,72,6
American Canyon,2019-03-06,40,19,83,3
Alameda,2019-03-06,27,27,88,12
Washington D.C.,2019-03-14,17,2,90,10
Stinson Beach,2019-03-05,28,18,90,7
Novato,2019-03-03,29,15,82,11
Martinez,2019-03-05,29,22,83,2
Morgan Hill,2019-03-03,43,23,70,7
Rio Vista,2019-03-10,32,26,77,9
Newark,2019-03-10,24,16,92,4
Healdsburg,2019-03-02,30,21,91,10
Healdsburg,2019-03-10,47,22,79,3
Clayton,2019-03-12,40,17,92,8
Hercules,2019-03-12,18,3,84,3
Pleasant Hill,2019-03-01,30,9,94,5
Point Reyes Station,2019-03-03,32,22,71,12
Milpitas,2019-03-01,52,28,73,5
Rio Vista,2019-03-01,20,6,85,3
Corte Madera,2019-03-14,29,13,91,12
Tiburon,2019-03-13,28,16,86,4
Oakley,2019-03-01,17,3,73,9
Pittsburg,2019-03-14,35,20,87,5
Berkeley,2019-03-13,35,18,74,12
Petaluma,2019-03-01,57,29,82,11
Sonoma,2019-03-14,32,25,88,12
Dublin,2019-03-04,26,23,87,10
Point Reyes Station,2019-03-01,16,3,81,11
Berkeley,2019-03-11,43,28,83,4
Sunnyvale,2019-03-03,19,17,72,4
Glen Ellen,2019-03-05,19,4,84,3
Berkeley,2019-03-07,30,29,88,10
Daly City,2019-03-08,17,6,91,5
Benicia,2019-03-02,18,5,92,12
Pleasanton,2019-03-03,43,16,79,10
Petaluma,2019-03-10,39,13,70,12
Dublin,2019-03-13,20,19,84,1
Hayward,2019-03-01,16,9,80,3
Stanford,2019-03-11,18,9,86,3
Campbell,2019-03-08,24,17,88,8
Discovery Bay,2019-03-03,34,26,71,12
Rohnert Park,2019-03-09,40,20,92,2
Los Gatos,2019-03-01,28,17,93,10
Moraga,2019-03-14,24,14,82,5
Napa,2019-03-04,18,5,85,9
Point Reyes Station,2019-03-08,41,14,91,3
Moraga,2019-03-01,48,23,70,10
Lafayette,2019-03-08,23,12,71,5
Pleasanton,2019-03-01,16,4,90,8
Atlanta,2019-03-04,25,9,75,5
American Canyon,2019-03-14,37,13,81,11
Belmont,2019-03-01,26,22,90,1
Bodega Bay,2019-03-01,44,28,80,2
Dixon,2019-03-10,21,5,76,10
Mountain View,2019-03-06,27,21,75,1
St. Helena,2019-03-14,31,24,74,4
Santa Rosa,2019-03-04,24,7,87,11
Cupertino,2019-03-09,19,4,88,2
Lafayette,2019-03-03,18,17,85,7
Menlo Park,2019-03-14,18,12,79,9
Redwood City,2019-03-10,58,25,74,7
Sunnyvale,2019-03-04,18,28,71,9
Walnut Creek,2019-03-12,37,29,86,10
Stanford,2019-03-03,24,7,71,3
Concord,2019-03-11,24,18,93,10
Gilroy,2019-03-06,15,0,76,12
Gilroy,2019-03-12,15,0,79,11
Lafayette,2019-03-07,41,26,89,10
Vacaville,2019-03-04,55,24,77,6
Sausalito,2019-03-01,16,1,77,4
San Ramon,2019-03-13,29,15,70,10
Sausalito,2019-03-05,36,27,82,4
San Rafael,2019-03-11,16,1,79,3
Walnut Creek,2019-03-14,27,28,87,12
Pleasant Hill,2019-03-10,35,19,91,12
Novato,2019-03-10,18,10,71,5
El Cerrito,2019-03-01,45,22,89,10
American Canyon,2019-03-12,39,15,75,12
Mexico City,2019-03-14,15,1,92,12
Marshall,2019-03-01,13,5,86,8
Portland,2019-03-13,13,24,58,15
Cotati,2019-03-06,41,27,93,9
Chicago,2019-03-04,34,35,65,11
Tomales,2019-03-04,36,28,85,8
Toronto,2019-03-05,23,55,66,12
Mexico City,2019-03-13,21,8,91,6
Toronto,2019-03-07,25,15,61,12
Los Angeles,2019-03-06,26,19,78,1
Cotati,2019-03-05,41,18,86,1
Nairobi,2019-03-05,14,9,90,7
Toronto,2019-03-13,15,1,62,15
Portland,2019-03-10,39,25,58,4
Philadelphia,2019-03-06,48,26,94,12
Gilroy,2019-03-08,40,20,85,9
Paris,2019-03-02,33,16,72,1
Washington D.C.,2019-03-07,27,20,81,2
Washington D.C.,2019-03-05,51,28,82,12
Los Angeles,2019-03-11,51,23,86,7
Moraga,2019-03-13,20,5,73,6
Cupertino,2019-03-05,23,15,76,2
Richmond,2019-03-13,18,4,83,7
Valley Ford,2019-03-03,22,13,91,9
Duncans Mills,2019-03-01,21,13,77,10
Brentwood,2019-03-01,17,3,77,10
Bolinas,2019-03-01,50,28,85,6
Healdsburg,2019-03-01,19,9,71,8
Graton,2019-03-01,37,25,76,12
Sacramento,2019-03-11,61,26,84,7
Emeryville,2019-03-01,33,17,86,11
American Canyon,2019-03-01,28,10,83,3
Tomales,2019-03-02,34,21,75,4
Fairfax,2019-03-06,17,12,91,11
Delhi,2019-03-14,13,7,96,6
"Olema, California",2019-03-02,25,9,88,9
Newark,2019-03-05,38,23,90,5
Fremont,2019-03-13,28,15,72,3
Sebastopol,2019-03-12,19,7,93,1
Lagunitas,2019-03-05,23,10,92,11
Los Altos,2019-03-02,42,17,94,5
Half Moon Bay,2019-03-01,42,18,81,4
Pescadero,2019-03-02,24,18,76,8
Fresno,2019-03-09,27,25,93,5
Cloverdale,2019-03-04,26,24,71,1
Fresno,2019-03-10,36,13,90,8
Seattle,2019-03-09,13,14,64,5
Philadelphia,2019-03-13,17,3,86,12
Oakley,2019-03-02,18,3,93,11
Sacramento,2019-03-09,31,23,92,9
Anaheim,2019-03-08,16,9,86,6
Sacramento,2019-03-14,18,16,92,1
Anaheim,2019-03-10,27,9,76,8
Anaheim,2019-03-13,27,20,90,12
Sacramento,2019-03-03,23,14,87,2
Fresno,2019-03-14,16,2,84,3
Benicia,2019-03-06,25,24,85,9
Benicia,2019-03-12,22,4,73,10
Bolinas,2019-03-04,32,12,85,1
San Anselmo,2019-03-13,16,2,83,1
Tomales,2019-03-11,25,23,89,2
Alameda,2019-03-05,22,7,79,9
San Pablo,2019-03-04,49,18,80,12
Larkspur,2019-03-10,42,20,85,12
Burlingame,2019-03-01,17,2,81,12
San Bruno,2019-03-02,58,21,77,4
Pinole,2019-03-01,26,18,91,6
Castro Valley,2019-03-09,15,7,86,4
Santa Rosa,2019-03-09,41,26,92,8
Dixon,2019-03-12,28,21,93,4
Sebastopol,2019-03-11,18,6,75,7
Long Beach,2019-03-10,50,20,75,11
Hayward,2019-03-10,30,14,80,8
Brentwood,2019-03-08,29,19,86,3
Novato,2019-03-04,19,7,87,5
Atherton,2019-03-04,24,10,78,6
Woodside,2019-03-01,23,6,78,11
Moraga,2019-03-09,19,3,86,1
Walnut Creek,2019-03-02,55,26,76,6
Lagunitas,2019-03-02,24,17,87,5
Graton,2019-03-09,38,19,89,4
Millbrae,2019-03-03,20,23,73,7
Menlo Park,2019-03-11,37,19,71,7
Oakland,2019-03-14,27,22,84,5
San Ramon,2019-03-07,17,5,74,12
San Lorenzo,2019-03-01,19,3,76,1
Valley Ford,2019-03-12,34,11,92,1
Novato,2019-03-09,16,1,80,5
Berkeley,2019-03-14,30,16,81,10
Antioch,2019-03-07,15,0,71,4
Oakley,2019-03-04,33,11,75,10
Fremont,2019-03-12,21,10,73,5
San Mateo,2019-03-14,27,18,87,1
Saratoga,2019-03-08,22,19,81,2
Pleasanton,2019-03-04,29,13,78,1
Santa Rosa,2019-03-02,41,27,86,9
Foster City,2019-03-10,16,5,72,3
Windsor,2019-03-11,64,28,89,12
Oakland,2019-03-05,30,15,92,1
Gilroy,2019-03-14,20,9,72,5
Walnut Creek,2019-03-10,45,26,91,11
Berkeley,2019-03-09,41,24,74,4
Redwood City,2019-03-11,29,25,79,5
Union City,2019-03-08,32,25,86,7
El Sobrante,2019-03-06,22,9,76,12
Guerneville,2019-03-01,28,11,89,2
Kenwood,2019-03-05,25,27,90,10
Kenwood,2019-03-01,41,23,92,8
Montara,2019-03-01,20,8,89,8
Stanford,2019-03-01,47,29,73,5
Alamo,2019-03-01,32,12,81,3
Novato,2019-03-12,21,6,77,9
Novato,2019-03-02,15,1,71,3
Discovery Bay,2019-03-12,25,23,70,11
Discovery Bay,2019-03-10,28,15,85,11
Moraga,2019-03-07,21,12,73,4
Morgan Hill,2019-03-04,44,29,72,6
Lafayette,2019-03-06,16,1,86,4
Bolinas,2019-03-06,38,22,92,7
Larkspur,2019-03-03,46,23,85,4
Petaluma,2019-03-06,31,10,91,9
Union City,2019-03-06,37,19,71,3
Union City,2019-03-09,15,1,79,8
Clayton,2019-03-14,20,6,72,10
Tiburon,2019-03-05,51,20,94,11
Calistoga,2019-03-05,28,12,73,5
San Bruno,2019-03-08,33,10,91,11
Fresno,2019-03-03,31,18,77,8
Inverness,2019-03-10,18,3,90,7
Alamo,2019-03-04,31,24,94,1
Discovery Bay,2019-03-09,18,11,89,6
"Olema, California",2019-03-13,14,14,90,7
American Canyon,2019-03-11,26,16,87,12
Cotati,2019-03-13,16,1,76,6
Palo Alto,2019-03-14,17,7,82,12
Brisbane,2019-03-01,56,26,78,12
Duncans Mills,2019-03-05,15,1,90,11
Montara,2019-03-14,38,21,77,5
Eldridge,2019-03-14,27,23,73,1
Marshall,2019-03-04,38,17,86,7
Pittsburg,2019-03-01,15,3,87,6
Woodside,2019-03-05,41,26,86,4
South San Francisco,2019-03-01,16,1,83,6
Pescadero,2019-03-08,35,20,94,6
Pescadero,2019-03-14,21,16,73,2
Burlingame,2019-03-12,20,3,78,9
Burlingame,2019-03-04,31,14,72,4
Forestville,2019-03-09,27,25,78,4
Pleasanton,2019-03-06,17,13,77,2
Fremont,2019-03-07,37,21,79,10
Valley Ford,2019-03-14,33,24,92,2
Cotati,2019-03-01,17,5,86,8
El Sobrante,2019-03-01,49,24,70,5
Santa Clara,2019-03-06,30,18,89,6
Richmond,2019-03-11,40,28,75,8
Hercules,2019-03-03,16,2,86,3
Los Altos,2019-03-05,17,2,78,1
Alamo,2019-03-02,20,19,82,12
Pacifica,2019-03-08,26,17,75,10
Hayward,2019-03-09,22,14,70,9
Antioch,2019-03-14,24,13,74,1
Cloverdale,2019-03-01,16,2,88,3
Larkspur,2019-03-01,58,25,86,2
Albany,2019-03-03,24,9,92,2
Gilroy,2019-03-09,16,4,79,12
Alamo,2019-03-13,18,3,71,3
Sebastopol,2019-03-01,34,22,91,6
Dixon,2019-03-01,27,9,77,7
San Ramon,2019-03-02,38,13,88,5
San Bruno,2019-03-13,43,17,79,8
Menlo Park,2019-03-01,15,0,76,3
Geyserville,2019-03-01,18,16,90,5
Hayward,2019-03-06,20,6,78,12
Muir Beach,2019-03-07,37,27,82,2
Duncans Mills,2019-03-08,16,3,91,11
Bolinas,2019-03-11,34,16,94,12
Danville,2019-03-11,23,25,87,11
Brentwood,2019-03-05,24,10,81,4
Muir Beach,2019-03-03,21,4,88,8
San Anselmo,2019-03-03,37,22,76,11
Pittsburg,2019-03-10,47,21,77,5
Eldridge,2019-03-05,35,13,88,4
Morgan Hill,2019-03-11,26,14,82,3
El Cerrito,2019-03-04,42,29,93,3
Brentwood,2019-03-04,16,3,77,9
Cotati,2019-03-10,26,10,70,12
Belmont,2019-03-12,15,1,92,3
Redwood City,2019-03-02,68,29,89,4
Castro Valley,2019-03-13,16,1,70,1
St. Helena,2019-03-10,17,8,72,2
Pleasant Hill,2019-03-12,60,25,77,7
Novato,2019-03-01,23,12,91,1
Gilroy,2019-03-05,22,14,91,12
Gilroy,2019-03-03,22,7,86,9
Santa Rosa,2019-03-03,30,14,73,10
Martinez,2019-03-10,43,20,79,1
Mill Valley,2019-03-05,48,23,76,9
Pleasant Hill,2019-03-11,15,0,93,6
Palo Alto,2019-03-10,17,2,87,10
Gilroy,2019-03-07,10,13,93,4
Gilroy,2019-03-04,40,21,87,6
San Ramon,2019-03-14,33,18,93,8
Santa Rosa,2019-03-12,15,0,83,1
El Cerrito,2019-03-06,31,26,72,7
Castro Valley,2019-03-10,25,14,76,10
Oakland,2019-03-09,40,19,89,7
Martinez,2019-03-02,27,23,73,11
Novato,2019-03-14,35,28,82,1
Campbell,2019-03-07,28,28,85,4
Los Gatos,2019-03-03,31,22,70,8
Campbell,2019-03-10,41,25,89,9
Los Gatos,2019-03-11,19,4,71,7
Martinez,2019-03-08,4,25,94,12
Redwood City,2019-03-09,25,11,93,3
Martinez,2019-03-03,22,21,90,11
St. Helena,2019-03-05,34,26,85,11
Sunnyvale,2019-03-14,16,2,83,8
Concord,2019-03-04,28,18,80,5
Cotati,2019-03-07,15,1,89,8
Los Altos,2019-03-11,47,28,73,3
San Lorenzo,2019-03-03,43,23,78,9
Mexico City,2019-03-03,18,7,102,12
Vancouver,2019-03-11,26,22,66,8
Seattle,2019-03-02,13,23,70,13
Duncans Mills,2019-03-11,19,4,91,7
Atherton,2019-03-13,30,11,80,10
Novato,2019-03-06,32,20,71,10
Tiburon,2019-03-09,17,27,82,8
San Rafael,2019-03-09,25,9,90,10
East Palo Alto,2019-03-01,41,19,92,5
Pescadero,2019-03-01,15,0,86,1
Montara,2019-03-05,16,2,87,3
Glen Ellen,2019-03-04,26,15,90,11
Duncans Mills,2019-03-07,34,13,87,4
Calistoga,2019-03-12,15,0,80,9
San Leandro,2019-03-01,16,1,83,1
San Diego,2019-03-10,15,1,87,4
Pinole,2019-03-12,50,17,70,6
Mexico City,2019-03-08,15,6,102,11
San Rafael,2019-03-08,23,8,74,1
Long Beach,2019-03-08,24,10,80,5
Duncans Mills,2019-03-03,37,20,93,7
Mexico City,2019-03-05,18,3,87,2
Muir Beach,2019-03-10,36,22,92,2
Mexico City,2019-03-06,15,4,95,3
Morgan Hill,2019-03-12,25,10,87,8
